#CHR,POS,REF,ALT,SNP,FINNGEN_beta,FINNGEN_sebeta,FINNGEN_pval,FINNGEN_af_alt,FINNGEN_af_alt_cases,FINNGEN_af_alt_controls,UKBB_beta,UKBB_sebeta,UKBB_pval,UKBB_af_alt,all_meta_N,all_inv_var_meta_beta,all_inv_var_meta_sebeta,all_inv_var_meta_p,all_inv_var_meta_mlogp,all_inv_var_het_p,leave_FINNGEN_N,leave_FINNGEN_inv_var_meta_beta,leave_FINNGEN_inv_var_meta_sebeta,leave_FINNGEN_inv_var_meta_p,leave_FINNGEN_inv_var_meta_mlogp,leave_FINNGEN_inv_var_meta_het_p,leave_UKBB_N,leave_UKBB_inv_var_meta_beta,leave_UKBB_inv_var_meta_sebeta,leave_UKBB_inv_var_meta_p,leave_UKBB_inv_var_meta_mlogp,leave_UKBB_inv_var_meta_het_p,rsid
3,12295008,G,A,3:12295008:G:A,0.023,0.0229,0.316,0.170971,0.169764,0.170992,0.0439,0.0969,0.651,0.1192,2,0.0241,0.0223,0.281,0.552,0.834,1,0.0439,0.0969,0.651,0.187,,1,0.023,0.0229,0.316,0.5,,rs11709077
3,185795604,A,G,3:185795604:A:G,0.0155,0.0185,0.401,0.307941,0.311832,0.307875,-0.062,0.0679,0.362,0.3131,2,0.0102,0.0178,0.568,0.246,0.271,1,-0.062,0.0679,0.362,0.442,,1,0.0155,0.0185,0.401,0.397,,rs7651090
6,20686765,C,A,6:20686765:C:A,-0.0266,0.0181,0.142,0.330565,0.329004,0.330591,0.123,0.0715,0.086,0.2619,2,-0.0176,0.0176,0.317,0.499,0.0429,1,0.123,0.0715,0.086,1.07,,1,-0.0266,0.0181,0.142,0.847,,rs9368222
7,28140937,T,C,7:28140937:T:C,0.0266,0.0172,0.12,0.509079,0.510421,0.509056,0.0693,0.0629,0.27,0.5056,2,0.0296,0.0165,0.0737,1.13,0.513,1,0.0693,0.0629,0.27,0.568,,1,0.0266,0.0172,0.12,0.92,,rs864745
8,117172786,G,A,8:117172786:G:A,-0.00434,0.0177,0.806,0.375128,0.377284,0.375091,-0.0813,0.068,0.232,0.311,2,-0.00921,0.0171,0.59,0.229,0.273,1,-0.0813,0.068,0.231,0.635,,1,-0.00434,0.0177,0.806,0.0938,,rs3802177
9,22132077,A,G,9:22132077:A:G,-0.0763,0.0244,0.00174,0.149716,0.1411,0.149862,-0.0572,0.0823,0.487,0.1785,2,-0.0748,0.0234,0.00138,2.86,0.823,1,-0.0572,0.0823,0.487,0.312,,1,-0.0763,0.0244,0.00174,2.76,,rs2383208
10,92705802,C,T,10:92705802:C:T,-0.0215,0.0171,0.209,0.476872,0.473001,0.476937,-0.0246,0.064,0.701,0.4093,2,-0.0217,0.0165,0.189,0.724,0.963,1,-0.0246,0.064,0.701,0.154,,1,-0.0215,0.0171,0.209,0.681,,rs5015480
10,112996282,A,T,10:112996282:A:T,0.0241,0.0205,0.24,0.22905,0.231412,0.22901,0.0347,0.0679,0.609,0.3122,2,0.025,0.0196,0.204,0.691,0.881,1,0.0347,0.0679,0.609,0.215,,1,0.0241,0.0205,0.24,0.619,,rs4506565
11,92951156,G,A,11:92951156:G:A,0.00224,0.0173,0.897,0.434599,0.434395,0.434602,-0.0614,0.0644,0.341,0.3922,2,-0.00203,0.0167,0.903,0.0443,0.34,1,-0.0614,0.0644,0.341,0.468,,1,0.00224,0.0173,0.897,0.0472,,rs7933855
16,53785257,T,C,16:53785257:T:C,-0.0136,0.0175,0.436,0.401939,0.394825,0.40206,0.0941,0.0644,0.144,0.3934,2,-0.00623,0.0169,0.712,0.148,0.106,1,0.0941,0.0644,0.144,0.842,,1,-0.0136,0.0175,0.436,0.361,,rs9936385